Cobertura,Diversidad,%MD
2 Días - 15 Días,0D,-22.2222222222222
2 Días – 30 Días,0D,-16.6666666666667
15 Días – 30 Días,0D,-4.76190476190476
2 Días - 15 Días,1D,-0.167130919220071
2 Días – 30 Días,1D,6.51810584958218
15 Días – 30 Días,1D,6.67408231368188
2 Días - 15 Días,2D,8.08854123325288
2 Días – 30 Días,2D,16.7928767579263
15 Días – 30 Días,2D,9.47034857401539
